Q-I,456,VIK,,
Q-II,380,GTK,,
QA202,67,GTK,,
QA240,67,GTK,,
QAF14,189,GTK,,projektor
QAF15,189,GTK,,projektor
QAF16,104,GTK,,projektor
QB104,45,GTK,,projektor
QB105,30,GTK,,projektor
QBF08,95,VIK,,projektor
QBF09,105,VIK,,projektor
QBF10,54,VIK,,projektor
QBF11,54,VIK,,projektor
QBF13,104,VIK,,projektor
CH201,78,VBK,kulcsos,projektor
CH301,32,VBK, projektor,kulcsos,
CH302,32,VBK, ,kulcsos,projektor
CH304,30,VBK, ,kulcsos,
CH305,24,VBK, ,kulcsos,
CH306,18,VBK, ,kulcsos,
CH307,30,VBK,kulcsos,projektor
CH308,60,VBK, ,kulcsos,projektor
CHA10,80,VBK,kulcsos,projektor
CHA11,45,VBK,kulcsos,projektor
CHC14,300,VBK,kulcsos,projektor
CHFMAX,540,közp,,
E1A,221,GTK,kulcsos,
E1B,408,VIK,kulcsos,
E1C,221,VIK,kulcsos,
E201,48,GTK,,
E202,72,GTK,,
E203,30,GTK,,
E204,72,GTK,,
E205,90,GTK,,
E301,30,GTK,,
E302,48,GTK,,
E303,30,GTK,,
E304,30,GTK,,
E305ab,30,GTK,kulcsos,projektor
E305c,30,GTK,kulcsos,projektor
E306ab,30,GTK,kulcsos,projektor
E306cd,48,GTK,kulcsos,projektor
E401,30,GTK,kulcsos,projektor
E402,30,GTK,kulcsos,projektor
E403,30,GTK,kulcsos,projektor
E404,48,GTK,kulcsos,projektor
E405,48,GTK,kulcsos,projektor
E406,48,GTK,kulcsos,projektor
E407,48,GTK,kulcsos,projektor
E501,48,GTK,,
E502,48,GTK,,
E503,48,GTK,,
E504,48,GTK,,
E505,110,GTK,,
F29,372,TTK,kozp,kulcsos,projektor
F2E,244,KMK,kulcsos,
F3213,60,TTK,kulcsos,projektor
F3M01,20,TTK,kulcsos,projektor
FASEM,8,TTK,kulcsos,projektor
H207,28,TTK,kulcsos,projektor
H306,20,TTK,kulcsos,projektor
H405A,35,TTK,kulcsos,projektor
H406,48,TTK,kulcsos,projektor
H507,24,TTK,kulcsos,projektor
H601,30,TTK,kulcsos,projektor
H607,60,TTK,kulcsos,projektor
MGFEA,110,GPK,kulcsos,projektor
K134,196,VBK,kulcsos,projektor
K150,178,GPK,kulcsos,projektor
K155,218,GPK,kulcsos,projektor
K174,224,ÉMK,kulcsos,projektor
K210,100,ÉPK,kulcsos,
K221,56,ÉPK,kulcsos,projektor
K222,35,ÉPK,,
K234,540,ÉMK,,
K250,221,ÉPK,,projektor
K255,208,ÉPK,,projektor
K275,252,ÉPK,,
K285,64,ÉPK,,
K342,34,ÉPK,,
K343,24,ÉPK,,
K344,42,ÉPK,,
K345,35,ÉPK,,
K350,99,ÉPK,,
K351,35,ÉPK,,
K352,30,ÉPK,,
K353,30,ÉPK,,
K363,25,ÉPK,,
K371,32,ÉMK,,
K372,32,ÉMK,,
K373,32,ÉMK,,
K374,32,ÉMK,,
K375,32,ÉMK,,
K376,25,ÉMK,,
K391,32,ÉPK,,
K392,32,ÉPK,,
K393,32,ÉPK,,
KF38,360,GPK,kulcsos,projektor
KF51,594,GPK,kulcsos,projektor
AUDMAX,392,közp,kulcsos,,
KF81,104,GPK,kulcsos,projektor
KF82,80,GPK,kulcsos,projektor
KF83,48,GPK,kulcsos,projektor
KF84,32,GPK,kulcsos,projektor
KF85,32,GPK,kulcsos,projektor
KF86,48,GPK,kulcsos,projektor
KF87,80,GPK,kulcsos,projektor
KF88,104,ÉMK,,
KM34,182,GPK,kulcsos,projektor
J102,65,KMK,kulcsos,projektor
J202,60,KMK,kulcsos,projektor
J207,54,KMK,kulcsos,projektor
J208,56,KMK,kulcsos,projektor
J209,27,KMK,kulcsos,projektor
J210,56,KMK,kulcsos,projektor
IB025,200,VIK,,projektor
IB026,200,VIK,,projektor
IB027,200,VIK,,projektor
IB028,400,VIK,,projektor
IE007,200,VIK,,projektor
IE219,25,VIK,,projektor
T601/2,70,TTK,,
T603,30,TTK,,
T604,40,TTK,,
T605,36,TTK,,
T606,40,TTK,,
ST319,24,KMK,,
ST320,24,KMK,,
ST321A,52,KMK,kulcsos,
ST321B,40,KMK,,
STFKIS,128,KMK,kulcsos,
STFNAGY,374,KMK,kulcsos,
R108,120,GPK,kulcsos,projektor
R501,40,GPK,,
R504,42,VBK,,
R505,42,VBK,,
R506,36,VBK,,
R507,30,VBK,,
R508,36,VBK,,
R509,24,VBK,,
R510,40,GPK,,
R511,40,GPK,,
R512,40,GPK,,
R513,40,GPK,,
R514,40,GPK,,
R515,40,közp,,
R516,40,közp,,
R517,38,közp,,
